date,type,slug,url,text,hashtags,image
2026-06-21,blog,can-police-take-my-phone-kent,https://www.policestationagent.com/blog/can-police-take-my-phone-kent?utm_source=buffer&utm_medium=social&utm_campaign=click_blog_can-police-take-my-phone-kent,"Can police take my phone at a Kent police station?. Free legal advice at Kent police stations — NOT Kent Police. https://www.policestationagent.com/blog/can-police-take-my-phone-kent?utm_source=buffer&utm_medium=social&utm_campaign=click_blog_can-police-take-my-phone-kent","#Kent #PoliceStation #LegalAdvice #DutySolicitor",https://www.policestationagent.com/blog-images/can-police-take-my-phone-kent-featured.jpg
2026-06-24,blog,can-police-take-my-phone-kent,https://www.policestationagent.com/blog/can-police-take-my-phone-kent?utm_source=buffer&utm_medium=social&utm_campaign=click_blog_can-police-take-my-phone-kent,"Can police take my phone at a Kent police station?. Free legal advice at Kent police stations — NOT Kent Police. https://www.policestationagent.com/blog/can-police-take-my-phone-kent?utm_source=buffer&utm_medium=social&utm_campaign=click_blog_can-police-take-my-phone-kent","#Kent #PoliceStation #LegalAdvice #DutySolicitor",https://www.policestationagent.com/blog-images/can-police-take-my-phone-kent-featured.jpg
2026-06-27,blog,police-bail-explained-kent,https://www.policestationagent.com/blog/police-bail-explained-kent?utm_source=buffer&utm_medium=social&utm_campaign=click_blog_police-bail-explained-kent,"Police bail explained for Kent — conditions and time limits. Free legal advice at Kent police stations — NOT Kent Police. https://www.policestationagent.com/blog/police-bail-explained-kent?utm_source=buffer&utm_medium=social&utm_campaign=click_blog_police-bail-explained-kent","#Kent #PoliceStation #LegalAdvice #DutySolicitor",https://www.policestationagent.com/blog-images/police-bail-explained-kent-featured.png
2026-06-30,blog,police-bail-explained-kent,https://www.policestationagent.com/blog/police-bail-explained-kent?utm_source=buffer&utm_medium=social&utm_campaign=click_blog_police-bail-explained-kent,"Police bail explained for Kent — conditions and time limits. Free legal advice at Kent police stations — NOT Kent Police. https://www.policestationagent.com/blog/police-bail-explained-kent?utm_source=buffer&utm_medium=social&utm_campaign=click_blog_police-bail-explained-kent","#Kent #PoliceStation #LegalAdvice #DutySolicitor",https://www.policestationagent.com/blog-images/police-bail-explained-kent-featured.png
2026-07-03,blog,no-comment-interview-kent,https://www.policestationagent.com/blog/no-comment-interview-kent?utm_source=buffer&utm_medium=social&utm_campaign=click_blog_no-comment-interview-kent,"No comment interview at a Kent police station. Free legal advice at Kent police stations — NOT Kent Police. https://www.policestationagent.com/blog/no-comment-interview-kent?utm_source=buffer&utm_medium=social&utm_campaign=click_blog_no-comment-interview-kent","#Kent #PoliceStation #LegalAdvice #DutySolicitor",https://www.policestationagent.com/blog-images/no-comment-interview-kent-featured.jpg
2026-07-06,blog,no-comment-interview-kent,https://www.policestationagent.com/blog/no-comment-interview-kent?utm_source=buffer&utm_medium=social&utm_campaign=click_blog_no-comment-interview-kent,"No comment interview at a Kent police station. Free legal advice at Kent police stations — NOT Kent Police. https://www.policestationagent.com/blog/no-comment-interview-kent?utm_source=buffer&utm_medium=social&utm_campaign=click_blog_no-comment-interview-kent","#Kent #PoliceStation #LegalAdvice #DutySolicitor",https://www.policestationagent.com/blog-images/no-comment-interview-kent-featured.jpg
2026-07-09,blog,prepared-statements-kent,https://www.policestationagent.com/blog/prepared-statements-kent?utm_source=buffer&utm_medium=social&utm_campaign=click_blog_prepared-statements-kent,"Prepared statements in Kent police interviews. Free legal advice at Kent police stations — NOT Kent Police. https://www.policestationagent.com/blog/prepared-statements-kent?utm_source=buffer&utm_medium=social&utm_campaign=click_blog_prepared-statements-kent","#Kent #PoliceStation #LegalAdvice #DutySolicitor",https://www.policestationagent.com/blog-images/prepared-statements-kent-featured.png
2026-07-12,blog,prepared-statements-kent,https://www.policestationagent.com/blog/prepared-statements-kent?utm_source=buffer&utm_medium=social&utm_campaign=click_blog_prepared-statements-kent,"Prepared statements in Kent police interviews. Free legal advice at Kent police stations — NOT Kent Police. https://www.policestationagent.com/blog/prepared-statements-kent?utm_source=buffer&utm_medium=social&utm_campaign=click_blog_prepared-statements-kent","#Kent #PoliceStation #LegalAdvice #DutySolicitor",https://www.policestationagent.com/blog-images/prepared-statements-kent-featured.png
2026-07-15,blog,adverse-inference-kent,https://www.policestationagent.com/blog/adverse-inference-kent?utm_source=buffer&utm_medium=social&utm_campaign=click_blog_adverse-inference-kent,"Adverse inference after a Kent police interview. Free legal advice at Kent police stations — NOT Kent Police. https://www.policestationagent.com/blog/adverse-inference-kent?utm_source=buffer&utm_medium=social&utm_campaign=click_blog_adverse-inference-kent","#Kent #PoliceStation #LegalAdvice #DutySolicitor",https://www.policestationagent.com/blog-images/adverse-inference-kent-featured.png
2026-07-18,blog,adverse-inference-kent,https://www.policestationagent.com/blog/adverse-inference-kent?utm_source=buffer&utm_medium=social&utm_campaign=click_blog_adverse-inference-kent,"Adverse inference after a Kent police interview. Free legal advice at Kent police stations — NOT Kent Police. https://www.policestationagent.com/blog/adverse-inference-kent?utm_source=buffer&utm_medium=social&utm_campaign=click_blog_adverse-inference-kent","#Kent #PoliceStation #LegalAdvice #DutySolicitor",https://www.policestationagent.com/blog-images/adverse-inference-kent-featured.png
2026-07-21,blog,custody-time-limits-kent,https://www.policestationagent.com/blog/custody-time-limits-kent?utm_source=buffer&utm_medium=social&utm_campaign=click_blog_custody-time-limits-kent,"Custody time limits at Kent police stations. Free legal advice at Kent police stations — NOT Kent Police. https://www.policestationagent.com/blog/custody-time-limits-kent?utm_source=buffer&utm_medium=social&utm_campaign=click_blog_custody-time-limits-kent","#Kent #PoliceStation #LegalAdvice #DutySolicitor",https://www.policestationagent.com/blog-images/custody-time-limits-kent-featured.png
2026-07-24,blog,custody-time-limits-kent,https://www.policestationagent.com/blog/custody-time-limits-kent?utm_source=buffer&utm_medium=social&utm_campaign=click_blog_custody-time-limits-kent,"Custody time limits at Kent police stations. Free legal advice at Kent police stations — NOT Kent Police. https://www.policestationagent.com/blog/custody-time-limits-kent?utm_source=buffer&utm_medium=social&utm_campaign=click_blog_custody-time-limits-kent","#Kent #PoliceStation #LegalAdvice #DutySolicitor",https://www.policestationagent.com/blog-images/custody-time-limits-kent-featured.png
2026-07-27,blog,pace-code-c-kent-guide,https://www.policestationagent.com/blog/pace-code-c-kent-guide?utm_source=buffer&utm_medium=social&utm_campaign=click_blog_pace-code-c-kent-guide,"PACE Code C at Kent police stations. Free legal advice at Kent police stations — NOT Kent Police. https://www.policestationagent.com/blog/pace-code-c-kent-guide?utm_source=buffer&utm_medium=social&utm_campaign=click_blog_pace-code-c-kent-guide","#Kent #PoliceStation #LegalAdvice #DutySolicitor",https://www.policestationagent.com/blog-images/pace-code-c-kent-guide-featured.png
2026-07-30,blog,pace-code-c-kent-guide,https://www.policestationagent.com/blog/pace-code-c-kent-guide?utm_source=buffer&utm_medium=social&utm_campaign=click_blog_pace-code-c-kent-guide,"PACE Code C at Kent police stations. Free legal advice at Kent police stations — NOT Kent Police. https://www.policestationagent.com/blog/pace-code-c-kent-guide?utm_source=buffer&utm_medium=social&utm_campaign=click_blog_pace-code-c-kent-guide","#Kent #PoliceStation #LegalAdvice #DutySolicitor",https://www.policestationagent.com/blog-images/pace-code-c-kent-guide-featured.png
2026-08-02,blog,youth-custody-rights-kent,https://www.policestationagent.com/blog/youth-custody-rights-kent?utm_source=buffer&utm_medium=social&utm_campaign=click_blog_youth-custody-rights-kent,"Youth custody rights in Kent — under 18 guide. Free legal advice at Kent police stations — NOT Kent Police. https://www.policestationagent.com/blog/youth-custody-rights-kent?utm_source=buffer&utm_medium=social&utm_campaign=click_blog_youth-custody-rights-kent","#Kent #PoliceStation #LegalAdvice #DutySolicitor",https://www.policestationagent.com/blog-images/youth-custody-rights-kent-featured.png
2026-08-05,blog,youth-custody-rights-kent,https://www.policestationagent.com/blog/youth-custody-rights-kent?utm_source=buffer&utm_medium=social&utm_campaign=click_blog_youth-custody-rights-kent,"Youth custody rights in Kent — under 18 guide. Free legal advice at Kent police stations — NOT Kent Police. https://www.policestationagent.com/blog/youth-custody-rights-kent?utm_source=buffer&utm_medium=social&utm_campaign=click_blog_youth-custody-rights-kent","#Kent #PoliceStation #LegalAdvice #DutySolicitor",https://www.policestationagent.com/blog-images/youth-custody-rights-kent-featured.png
2026-08-08,blog,appropriate-adult-kent,https://www.policestationagent.com/blog/appropriate-adult-kent?utm_source=buffer&utm_medium=social&utm_campaign=click_blog_appropriate-adult-kent,"Appropriate adults at Kent police stations. Free legal advice at Kent police stations — NOT Kent Police. https://www.policestationagent.com/blog/appropriate-adult-kent?utm_source=buffer&utm_medium=social&utm_campaign=click_blog_appropriate-adult-kent","#Kent #PoliceStation #LegalAdvice #DutySolicitor",https://www.policestationagent.com/blog-images/appropriate-adult-kent-featured.jpg
2026-08-11,blog,appropriate-adult-kent,https://www.policestationagent.com/blog/appropriate-adult-kent?utm_source=buffer&utm_medium=social&utm_campaign=click_blog_appropriate-adult-kent,"Appropriate adults at Kent police stations. Free legal advice at Kent police stations — NOT Kent Police. https://www.policestationagent.com/blog/appropriate-adult-kent?utm_source=buffer&utm_medium=social&utm_campaign=click_blog_appropriate-adult-kent","#Kent #PoliceStation #LegalAdvice #DutySolicitor",https://www.policestationagent.com/blog-images/appropriate-adult-kent-featured.jpg
2026-08-14,blog,dna-fingerprints-police-station-kent,https://www.policestationagent.com/blog/dna-fingerprints-police-station-kent?utm_source=buffer&utm_medium=social&utm_campaign=click_blog_dna-fingerprints-police-station-kent,"DNA and fingerprints at Kent police stations. Free legal advice at Kent police stations — NOT Kent Police. https://www.policestationagent.com/blog/dna-fingerprints-police-station-kent?utm_source=buffer&utm_medium=social&utm_campaign=click_blog_dna-fingerprints-police-station-kent","#Kent #PoliceStation #LegalAdvice #DutySolicitor",https://www.policestationagent.com/blog-images/dna-fingerprints-police-station-kent-featured.jpg
2026-08-17,blog,dna-fingerprints-police-station-kent,https://www.policestationagent.com/blog/dna-fingerprints-police-station-kent?utm_source=buffer&utm_medium=social&utm_campaign=click_blog_dna-fingerprints-police-station-kent,"DNA and fingerprints at Kent police stations. Free legal advice at Kent police stations — NOT Kent Police. https://www.policestationagent.com/blog/dna-fingerprints-police-station-kent?utm_source=buffer&utm_medium=social&utm_campaign=click_blog_dna-fingerprints-police-station-kent","#Kent #PoliceStation #LegalAdvice #DutySolicitor",https://www.policestationagent.com/blog-images/dna-fingerprints-police-station-kent-featured.jpg
2026-08-20,blog,unfitness-to-interview-pace-code-c-kent,https://www.policestationagent.com/blog/unfitness-to-interview-pace-code-c-kent?utm_source=buffer&utm_medium=social&utm_campaign=click_blog_unfitness-to-interview-pace-code-c-kent,"Unfitness to interview under PACE Code C — Kent. Free legal advice at Kent police stations — NOT Kent Police. https://www.policestationagent.com/blog/unfitness-to-interview-pace-code-c-kent?utm_source=buffer&utm_medium=social&utm_campaign=click_blog_unfitness-to-interview-pace-code-c-kent","#Kent #PoliceStation #LegalAdvice #DutySolicitor",https://www.policestationagent.com/blog-images/unfitness-to-interview-pace-code-c-kent-featured.png
2026-08-23,blog,unfitness-to-interview-pace-code-c-kent,https://www.policestationagent.com/blog/unfitness-to-interview-pace-code-c-kent?utm_source=buffer&utm_medium=social&utm_campaign=click_blog_unfitness-to-interview-pace-code-c-kent,"Unfitness to interview under PACE Code C — Kent. Free legal advice at Kent police stations — NOT Kent Police. https://www.policestationagent.com/blog/unfitness-to-interview-pace-code-c-kent?utm_source=buffer&utm_medium=social&utm_campaign=click_blog_unfitness-to-interview-pace-code-c-kent","#Kent #PoliceStation #LegalAdvice #DutySolicitor",https://www.policestationagent.com/blog-images/unfitness-to-interview-pace-code-c-kent-featured.png
2026-08-26,blog,released-under-investigation-kent-plain-english,https://www.policestationagent.com/blog/released-under-investigation-kent-plain-english?utm_source=buffer&utm_medium=social&utm_campaign=click_blog_released-under-investigation-kent-plain-english,"Released under investigation in plain English — Kent. Free legal advice at Kent police stations — NOT Kent Police. https://www.policestationagent.com/blog/released-under-investigation-kent-plain-english?utm_source=buffer&utm_medium=social&utm_campaign=click_blog_released-under-investigation-kent-plain-english","#Kent #PoliceStation #LegalAdvice #DutySolicitor",https://www.policestationagent.com/blog-images/released-under-investigation-kent-plain-english-featured.png
2026-08-29,blog,released-under-investigation-kent-plain-english,https://www.policestationagent.com/blog/released-under-investigation-kent-plain-english?utm_source=buffer&utm_medium=social&utm_campaign=click_blog_released-under-investigation-kent-plain-english,"Released under investigation in plain English — Kent. Free legal advice at Kent police stations — NOT Kent Police. https://www.policestationagent.com/blog/released-under-investigation-kent-plain-english?utm_source=buffer&utm_medium=social&utm_campaign=click_blog_released-under-investigation-kent-plain-english","#Kent #PoliceStation #LegalAdvice #DutySolicitor",https://www.policestationagent.com/blog-images/released-under-investigation-kent-plain-english-featured.png
2026-09-01,blog,voluntary-interview-letter-kent-what-to-do,https://www.policestationagent.com/blog/voluntary-interview-letter-kent-what-to-do?utm_source=buffer&utm_medium=social&utm_campaign=click_blog_voluntary-interview-letter-kent-what-to-do,"Voluntary interview letter in Kent — what to do before you attend. Free legal advice at Kent police stations — NOT Kent Police. https://www.policestationagent.com/blog/voluntary-interview-letter-kent-what-to-do?utm_source=buffer&utm_medium=social&utm_campaign=click_blog_voluntary-interview-letter-kent-what-to-do","#Kent #PoliceStation #LegalAdvice #DutySolicitor",https://www.policestationagent.com/blog-images/voluntary-interview-letter-kent-what-to-do-featured.png
2026-09-04,blog,voluntary-interview-letter-kent-what-to-do,https://www.policestationagent.com/blog/voluntary-interview-letter-kent-what-to-do?utm_source=buffer&utm_medium=social&utm_campaign=click_blog_voluntary-interview-letter-kent-what-to-do,"Voluntary interview letter in Kent — what to do before you attend. Free legal advice at Kent police stations — NOT Kent Police. https://www.policestationagent.com/blog/voluntary-interview-letter-kent-what-to-do?utm_source=buffer&utm_medium=social&utm_campaign=click_blog_voluntary-interview-letter-kent-what-to-do","#Kent #PoliceStation #LegalAdvice #DutySolicitor",https://www.policestationagent.com/blog-images/voluntary-interview-letter-kent-what-to-do-featured.png
2026-09-07,blog,is-police-station-legal-advice-free-kent,https://www.policestationagent.com/blog/is-police-station-legal-advice-free-kent?utm_source=buffer&utm_medium=social&utm_campaign=click_blog_is-police-station-legal-advice-free-kent,"Is police station legal advice really free in Kent?. Free legal advice at Kent police stations — NOT Kent Police. https://www.policestationagent.com/blog/is-police-station-legal-advice-free-kent?utm_source=buffer&utm_medium=social&utm_campaign=click_blog_is-police-station-legal-advice-free-kent","#Kent #PoliceStation #LegalAdvice #DutySolicitor",https://www.policestationagent.com/blog-images/is-police-station-legal-advice-free-kent-featured.jpg
2026-09-10,blog,is-police-station-legal-advice-free-kent,https://www.policestationagent.com/blog/is-police-station-legal-advice-free-kent?utm_source=buffer&utm_medium=social&utm_campaign=click_blog_is-police-station-legal-advice-free-kent,"Is police station legal advice really free in Kent?. Free legal advice at Kent police stations — NOT Kent Police. https://www.policestationagent.com/blog/is-police-station-legal-advice-free-kent?utm_source=buffer&utm_medium=social&utm_campaign=click_blog_is-police-station-legal-advice-free-kent","#Kent #PoliceStation #LegalAdvice #DutySolicitor",https://www.policestationagent.com/blog-images/is-police-station-legal-advice-free-kent-featured.jpg
2026-09-13,blog,police-station-rep-near-me-kent,https://www.policestationagent.com/blog/police-station-rep-near-me-kent?utm_source=buffer&utm_medium=social&utm_campaign=click_blog_police-station-rep-near-me-kent,"Police station rep near me in Kent. Free legal advice at Kent police stations — NOT Kent Police. https://www.policestationagent.com/blog/police-station-rep-near-me-kent?utm_source=buffer&utm_medium=social&utm_campaign=click_blog_police-station-rep-near-me-kent","#Kent #PoliceStation #LegalAdvice #DutySolicitor",https://www.policestationagent.com/blog-images/police-station-rep-near-me-kent-featured.jpg
2026-09-16,blog,police-station-rep-near-me-kent,https://www.policestationagent.com/blog/police-station-rep-near-me-kent?utm_source=buffer&utm_medium=social&utm_campaign=click_blog_police-station-rep-near-me-kent,"Police station rep near me in Kent. Free legal advice at Kent police stations — NOT Kent Police. https://www.policestationagent.com/blog/police-station-rep-near-me-kent?utm_source=buffer&utm_medium=social&utm_campaign=click_blog_police-station-rep-near-me-kent","#Kent #PoliceStation #LegalAdvice #DutySolicitor",https://www.policestationagent.com/blog-images/police-station-rep-near-me-kent-featured.jpg
2026-09-19,blog,maidstone-voluntary-interview-mid-kent-legal-advice,https://www.policestationagent.com/blog/maidstone-voluntary-interview-mid-kent-legal-advice?utm_source=buffer&utm_medium=social&utm_campaign=click_blog_maidstone-voluntary-interview-mid-kent-legal-advice,"Maidstone voluntary interviews — custody closed, mid-Kent advice. Free legal advice at Kent police stations — NOT Kent Police. https://www.policestationagent.com/blog/maidstone-voluntary-interview-mid-kent-legal-advice?utm_source=buffer&utm_medium=social&utm_campaign=click_blog_maidstone-voluntary-interview-mid-kent-legal-advice","#Kent #PoliceStation #LegalAdvice #DutySolicitor",https://www.policestationagent.com/blog-images/maidstone-voluntary-interview-mid-kent-legal-advice-featured.png
2026-09-22,blog,maidstone-voluntary-interview-mid-kent-legal-advice,https://www.policestationagent.com/blog/maidstone-voluntary-interview-mid-kent-legal-advice?utm_source=buffer&utm_medium=social&utm_campaign=click_blog_maidstone-voluntary-interview-mid-kent-legal-advice,"Maidstone voluntary interviews — custody closed, mid-Kent advice. Free legal advice at Kent police stations — NOT Kent Police. https://www.policestationagent.com/blog/maidstone-voluntary-interview-mid-kent-legal-advice?utm_source=buffer&utm_medium=social&utm_campaign=click_blog_maidstone-voluntary-interview-mid-kent-legal-advice","#Kent #PoliceStation #LegalAdvice #DutySolicitor",https://www.policestationagent.com/blog-images/maidstone-voluntary-interview-mid-kent-legal-advice-featured.png
2026-09-25,blog,canterbury-custody-legal-advice-kent,https://www.policestationagent.com/blog/canterbury-custody-legal-advice-kent?utm_source=buffer&utm_medium=social&utm_campaign=click_blog_canterbury-custody-legal-advice-kent,"Canterbury custody — free legal advice for families. Free legal advice at Kent police stations — NOT Kent Police. https://www.policestationagent.com/blog/canterbury-custody-legal-advice-kent?utm_source=buffer&utm_medium=social&utm_campaign=click_blog_canterbury-custody-legal-advice-kent","#Kent #PoliceStation #LegalAdvice #DutySolicitor",https://www.policestationagent.com/blog-images/canterbury-custody-legal-advice-kent-featured.png
2026-09-28,blog,canterbury-custody-legal-advice-kent,https://www.policestationagent.com/blog/canterbury-custody-legal-advice-kent?utm_source=buffer&utm_medium=social&utm_campaign=click_blog_canterbury-custody-legal-advice-kent,"Canterbury custody — free legal advice for families. Free legal advice at Kent police stations — NOT Kent Police. https://www.policestationagent.com/blog/canterbury-custody-legal-advice-kent?utm_source=buffer&utm_medium=social&utm_campaign=click_blog_canterbury-custody-legal-advice-kent","#Kent #PoliceStation #LegalAdvice #DutySolicitor",https://www.policestationagent.com/blog-images/canterbury-custody-legal-advice-kent-featured.png
2026-10-01,blog,sevenoaks-voluntary-interview-legal-advice-kent,https://www.policestationagent.com/blog/sevenoaks-voluntary-interview-legal-advice-kent?utm_source=buffer&utm_medium=social&utm_campaign=click_blog_sevenoaks-voluntary-interview-legal-advice-kent,"Sevenoaks voluntary interview legal advice. Free legal advice at Kent police stations — NOT Kent Police. https://www.policestationagent.com/blog/sevenoaks-voluntary-interview-legal-advice-kent?utm_source=buffer&utm_medium=social&utm_campaign=click_blog_sevenoaks-voluntary-interview-legal-advice-kent","#Kent #PoliceStation #LegalAdvice #DutySolicitor",https://www.policestationagent.com/blog-images/sevenoaks-voluntary-interview-legal-advice-kent-featured.png
2026-10-04,blog,sevenoaks-voluntary-interview-legal-advice-kent,https://www.policestationagent.com/blog/sevenoaks-voluntary-interview-legal-advice-kent?utm_source=buffer&utm_medium=social&utm_campaign=click_blog_sevenoaks-voluntary-interview-legal-advice-kent,"Sevenoaks voluntary interview legal advice. Free legal advice at Kent police stations — NOT Kent Police. https://www.policestationagent.com/blog/sevenoaks-voluntary-interview-legal-advice-kent?utm_source=buffer&utm_medium=social&utm_campaign=click_blog_sevenoaks-voluntary-interview-legal-advice-kent","#Kent #PoliceStation #LegalAdvice #DutySolicitor",https://www.policestationagent.com/blog-images/sevenoaks-voluntary-interview-legal-advice-kent-featured.png
2026-10-07,blog,folkestone-custody-legal-advice-kent,https://www.policestationagent.com/blog/folkestone-custody-legal-advice-kent?utm_source=buffer&utm_medium=social&utm_campaign=click_blog_folkestone-custody-legal-advice-kent,"Folkestone custody legal advice — east Kent. Free legal advice at Kent police stations — NOT Kent Police. https://www.policestationagent.com/blog/folkestone-custody-legal-advice-kent?utm_source=buffer&utm_medium=social&utm_campaign=click_blog_folkestone-custody-legal-advice-kent","#Kent #PoliceStation #LegalAdvice #DutySolicitor",https://www.policestationagent.com/blog-images/folkestone-custody-legal-advice-kent-featured.png
2026-10-10,blog,folkestone-custody-legal-advice-kent,https://www.policestationagent.com/blog/folkestone-custody-legal-advice-kent?utm_source=buffer&utm_medium=social&utm_campaign=click_blog_folkestone-custody-legal-advice-kent,"Folkestone custody legal advice — east Kent. Free legal advice at Kent police stations — NOT Kent Police. https://www.policestationagent.com/blog/folkestone-custody-legal-advice-kent?utm_source=buffer&utm_medium=social&utm_campaign=click_blog_folkestone-custody-legal-advice-kent","#Kent #PoliceStation #LegalAdvice #DutySolicitor",https://www.policestationagent.com/blog-images/folkestone-custody-legal-advice-kent-featured.png
2026-10-13,blog,qualified-duty-solicitor-vs-police-station-rep-kent,https://www.policestationagent.com/blog/qualified-duty-solicitor-vs-police-station-rep-kent?utm_source=buffer&utm_medium=social&utm_campaign=click_blog_qualified-duty-solicitor-vs-police-station-rep-kent,"Qualified duty solicitor vs police station rep in Kent. Free legal advice at Kent police stations — NOT Kent Police. https://www.policestationagent.com/blog/qualified-duty-solicitor-vs-police-station-rep-kent?utm_source=buffer&utm_medium=social&utm_campaign=click_blog_qualified-duty-solicitor-vs-police-station-rep-kent","#Kent #PoliceStation #LegalAdvice #DutySolicitor",https://www.policestationagent.com/blog-images/qualified-duty-solicitor-vs-police-station-rep-kent-featured.png
2026-10-16,blog,qualified-duty-solicitor-vs-police-station-rep-kent,https://www.policestationagent.com/blog/qualified-duty-solicitor-vs-police-station-rep-kent?utm_source=buffer&utm_medium=social&utm_campaign=click_blog_qualified-duty-solicitor-vs-police-station-rep-kent,"Qualified duty solicitor vs police station rep in Kent. Free legal advice at Kent police stations — NOT Kent Police. https://www.policestationagent.com/blog/qualified-duty-solicitor-vs-police-station-rep-kent?utm_source=buffer&utm_medium=social&utm_campaign=click_blog_qualified-duty-solicitor-vs-police-station-rep-kent","#Kent #PoliceStation #LegalAdvice #DutySolicitor",https://www.policestationagent.com/blog-images/qualified-duty-solicitor-vs-police-station-rep-kent-featured.png
2026-10-19,blog,police-warrant-arrest-kent-what-to-do,https://www.policestationagent.com/blog/police-warrant-arrest-kent-what-to-do?utm_source=buffer&utm_medium=social&utm_campaign=click_blog_police-warrant-arrest-kent-what-to-do,"Police warrant or arrest in Kent — what to do first. Free legal advice at Kent police stations — NOT Kent Police. https://www.policestationagent.com/blog/police-warrant-arrest-kent-what-to-do?utm_source=buffer&utm_medium=social&utm_campaign=click_blog_police-warrant-arrest-kent-what-to-do","#Kent #PoliceStation #LegalAdvice #DutySolicitor",https://www.policestationagent.com/blog-images/police-warrant-arrest-kent-what-to-do-featured.png
2026-10-22,blog,police-warrant-arrest-kent-what-to-do,https://www.policestationagent.com/blog/police-warrant-arrest-kent-what-to-do?utm_source=buffer&utm_medium=social&utm_campaign=click_blog_police-warrant-arrest-kent-what-to-do,"Police warrant or arrest in Kent — what to do first. Free legal advice at Kent police stations — NOT Kent Police. https://www.policestationagent.com/blog/police-warrant-arrest-kent-what-to-do?utm_source=buffer&utm_medium=social&utm_campaign=click_blog_police-warrant-arrest-kent-what-to-do","#Kent #PoliceStation #LegalAdvice #DutySolicitor",https://www.policestationagent.com/blog-images/police-warrant-arrest-kent-what-to-do-featured.png
2026-10-25,blog,no-further-action-after-police-interview-kent,https://www.policestationagent.com/blog/no-further-action-after-police-interview-kent?utm_source=buffer&utm_medium=social&utm_campaign=click_blog_no-further-action-after-police-interview-kent,"No further action after a Kent police interview. Free legal advice at Kent police stations — NOT Kent Police. https://www.policestationagent.com/blog/no-further-action-after-police-interview-kent?utm_source=buffer&utm_medium=social&utm_campaign=click_blog_no-further-action-after-police-interview-kent","#Kent #PoliceStation #LegalAdvice #DutySolicitor",https://www.policestationagent.com/blog-images/no-further-action-after-police-interview-kent-featured.png
2026-10-28,blog,no-further-action-after-police-interview-kent,https://www.policestationagent.com/blog/no-further-action-after-police-interview-kent?utm_source=buffer&utm_medium=social&utm_campaign=click_blog_no-further-action-after-police-interview-kent,"No further action after a Kent police interview. Free legal advice at Kent police stations — NOT Kent Police. https://www.policestationagent.com/blog/no-further-action-after-police-interview-kent?utm_source=buffer&utm_medium=social&utm_campaign=click_blog_no-further-action-after-police-interview-kent","#Kent #PoliceStation #LegalAdvice #DutySolicitor",https://www.policestationagent.com/blog-images/no-further-action-after-police-interview-kent-featured.png
2026-10-31,page,can-police-take-my-phone,https://www.policestationagent.com/can-police-take-my-phone?utm_source=buffer&utm_medium=social&utm_campaign=click_blog_can-police-take-my-phone,"Can police take my phone? Full UK guide. Qualified duty solicitor cover across Kent. NOT the police. https://www.policestationagent.com/can-police-take-my-phone?utm_source=buffer&utm_medium=social&utm_campaign=click_blog_can-police-take-my-phone","#Kent #DutySolicitor #PoliceStation",https://www.policestationagent.com/blog-images/default.jpg
2026-11-04,page,no-comment-interview,https://www.policestationagent.com/no-comment-interview?utm_source=buffer&utm_medium=social&utm_campaign=click_blog_no-comment-interview,"No comment interview — full guide. Qualified duty solicitor cover across Kent. NOT the police. https://www.policestationagent.com/no-comment-interview?utm_source=buffer&utm_medium=social&utm_campaign=click_blog_no-comment-interview","#Kent #DutySolicitor #PoliceStation",https://www.policestationagent.com/blog-images/default.jpg
2026-11-08,page,police-bail-explained,https://www.policestationagent.com/police-bail-explained?utm_source=buffer&utm_medium=social&utm_campaign=click_blog_police-bail-explained,"Police bail explained — full guide. Qualified duty solicitor cover across Kent. NOT the police. https://www.policestationagent.com/police-bail-explained?utm_source=buffer&utm_medium=social&utm_campaign=click_blog_police-bail-explained","#Kent #DutySolicitor #PoliceStation",https://www.policestationagent.com/blog-images/default.jpg
2026-11-12,page,voluntary-police-interview,https://www.policestationagent.com/voluntary-police-interview?utm_source=buffer&utm_medium=social&utm_campaign=click_blog_voluntary-police-interview,"Voluntary police interview advice. Qualified duty solicitor cover across Kent. NOT the police. https://www.policestationagent.com/voluntary-police-interview?utm_source=buffer&utm_medium=social&utm_campaign=click_blog_voluntary-police-interview","#Kent #DutySolicitor #PoliceStation",https://www.policestationagent.com/blog-images/default.jpg
2026-11-16,page,free-police-station-advice-kent,https://www.policestationagent.com/free-police-station-advice-kent?utm_source=buffer&utm_medium=social&utm_campaign=click_blog_free-police-station-advice-kent,"Free police station advice in Kent. Qualified duty solicitor cover across Kent. NOT the police. https://www.policestationagent.com/free-police-station-advice-kent?utm_source=buffer&utm_medium=social&utm_campaign=click_blog_free-police-station-advice-kent","#Kent #DutySolicitor #PoliceStation",https://www.policestationagent.com/blog-images/default.jpg
